class,rank,token,class_count,log_odds
Harmful_Traditional_practice,1,undergo,91,9.59
Harmful_Traditional_practice,2,mutilation,95,9.12
Harmful_Traditional_practice,3,genital,95,8.78
Harmful_Traditional_practice,4,shagufa,11,8.61
Harmful_Traditional_practice,5,cameroon,10,8.52
Harmful_Traditional_practice,6,fgm,49,8.46
Harmful_Traditional_practice,7,afghanistan,11,6.05
Harmful_Traditional_practice,8,originally,10,4.81
Harmful_Traditional_practice,9,marriage,109,4.54
Harmful_Traditional_practice,10,female,101,4.4
Physical_violence,1,beats,5948,7.82
Physical_violence,2,headphones,61,7.14
Physical_violence,3,dissolve,57,7.07
Physical_violence,4,housewife,164,7.02
Physical_violence,5,bose,50,6.94
Physical_violence,6,oladimeji,48,6.9
Physical_violence,7,stupor,47,6.88
Physical_violence,8,aigbe,36,6.62
Physical_violence,9,planks,27,6.33
Physical_violence,10,strips,77,6.27
economic_violence,1,fired,228,6.2
economic_violence,2,toy,16,5.36
economic_violence,3,job,208,4.58
economic_violence,4,rough,24,4.5
economic_violence,5,boss,55,4.31
economic_violence,6,store,23,4.12
economic_violence,7,manager,16,4.04
economic_violence,8,jobs,10,3.84
economic_violence,9,worker,18,3.78
economic_violence,10,voted,13,3.47
emotional_violence,1,aam,11,7.24
emotional_violence,2,mujhe,10,7.15
emotional_violence,3,sar,10,7.15
emotional_violence,4,humiliated,359,6.88
emotional_violence,5,insulted,265,6.45
emotional_violence,6,forum,12,5.38
emotional_violence,7,public,679,5.07
emotional_violence,8,humiliation,11,4.53
emotional_violence,9,verbally,46,4.0
emotional_violence,10,mere,10,3.93
sexual_violence,1,raped,34281,5.43
sexual_violence,2,molested,443,4.75
sexual_violence,3,epstein,281,4.29
sexual_violence,4,defiled,243,4.15
sexual_violence,5,consensual,197,3.94
sexual_violence,6,tw,914,3.86
sexual_violence,7,proven,158,3.72
sexual_violence,8,jacob,150,3.67
sexual_violence,9,tara,148,3.65
sexual_violence,10,trial,144,3.63
