char,codepoint,name,count,distinct_non_ascii_chars
'’',U+2019,RIGHT SINGLE QUOTATION MARK,21154,875
'“',U+201C,LEFT DOUBLE QUOTATION MARK,5265,875
'”',U+201D,RIGHT DOUBLE QUOTATION MARK,5143,875
'😂',U+1F602,FACE WITH TEARS OF JOY,1107,875
'️',U+FE0F,VARIATION SELECTOR-16,956,875
'–',U+2013,EN DASH,892,875
'😭',U+1F62D,LOUDLY CRYING FACE,761,875
'‘',U+2018,LEFT SINGLE QUOTATION MARK,691,875
'\u200d',U+200D,ZERO WIDTH JOINER,547,875
'\xa0',U+00A0,NO-BREAK SPACE,403,875
'🤣',U+1F923,ROLLING ON THE FLOOR LAUGHING,373,875
'…',U+2026,HORIZONTAL ELLIPSIS,336,875
