,all,sexual_violence,Physical_violence,emotional_violence,economic_violence,Harmful_Traditional_practice
urls,0.01,0.01,0.02,0.0,0.0,0.0
mentions,0.0,0.0,0.0,0.0,0.0,0.0
hashtags,0.0,0.0,0.0,0.0,0.0,0.0
emojis,11.26,10.84,14.01,9.52,9.68,5.85
numbers,27.58,29.66,16.58,17.67,29.49,45.21
repeated_chars,25.37,23.29,37.32,19.2,23.5,31.91
punctuation,97.06,97.14,96.59,96.93,96.77,98.4
html_entities,8.32,8.8,5.72,8.76,5.53,8.51
typographic_quotes,32.28,34.46,21.9,20.58,33.18,20.21
retweet_marker,0.26,0.07,1.16,0.61,2.76,1.06
non_ascii,42.06,41.77,45.51,28.42,45.16,27.13
all_caps_words,25.07,26.07,18.85,24.88,25.35,49.47
swahili_probe_words,0.93,0.98,0.66,1.08,0.92,0.0
