"experiment_id","date","model","preprocessing","tokenizer","sequence_length","embedding","learning_rate","batch_size","epochs","optimizer","dropout","train_time","validation_accuracy","macro_precision","macro_recall","macro_f1","weighted_f1","notes","next_action"
"baseline_tfidf_logreg_v1","10/2/2026","tfidf_logreg","A_minimal","tfidf_word_ngram_1_2_min_df_3","n/a (bag-of-ngrams)","n/a","n/a","n/a","n/a","lbfgs","n/a","5.6s","0.9958","0.9632","0.9882","0.9747","0.9959","TF-IDF(1-2 gram, min_df=3) + LogisticRegression(class_weight=balanced); preprocessing=A_minimal chosen from experiments A-D.","Compare against LSTM/CNN/TCN/Transformer in notebook 07; this is the non-sequential baseline they must beat."
"lstm_maxlen64_embed128","10/2/2026","lstm","A_minimal","word_level_min_freq_2","64","learned_128d","0.001","1024","<=4 (early stop)","adam","0.3","14.4s","NOT YET MEASURED","NOT YET MEASURED","NOT YET MEASURED","0.4499","NOT YET MEASURED","Controlled ablation over sequence length / embedding size.","Winning config retrained with a larger epoch budget in section 5."
"lstm_maxlen32_embed64","10/2/2026","lstm","A_minimal","word_level_min_freq_2","32","learned_64d","0.001","1024","<=4 (early stop)","adam","0.3","16.9s","NOT YET MEASURED","NOT YET MEASURED","NOT YET MEASURED","0.3869","NOT YET MEASURED","Controlled ablation over sequence length / embedding size.","Winning config retrained with a larger epoch budget in section 5."
"lstm_maxlen64_embed64","10/2/2026","lstm","A_minimal","word_level_min_freq_2","64","learned_64d","0.001","1024","<=4 (early stop)","adam","0.3","19.3s","NOT YET MEASURED","NOT YET MEASURED","NOT YET MEASURED","0.3847","NOT YET MEASURED","Controlled ablation over sequence length / embedding size.","Winning config retrained with a larger epoch budget in section 5."
"lstm_final_v1","10/2/2026","lstm","A_minimal","word_level_min_freq_2","64","learned_128d","0.001","1024","25","adam","0.3","136.2s","0.995","0.8587","0.8749","0.865","0.9951","LSTM (hidden=128), config=lstm_maxlen64_embed128 chosen from the section-4 ablation.","Compare against TF-IDF baseline / CNN / TCN / Transformer in notebook 07."
"cnn_filters345_nf100","10/2/2026","cnn","A_minimal","word_level_min_freq_2","64","learned_100d","0.001","2048","<=4 (early stop)","adam","0.3","64.0s","NOT YET MEASURED","NOT YET MEASURED","NOT YET MEASURED","0.8785","NOT YET MEASURED","Controlled ablation over filter_sizes=(3, 4, 5), num_filters=100.","Winning config retrained with a larger epoch budget in section 5."
"cnn_filters345_nf150","10/2/2026","cnn","A_minimal","word_level_min_freq_2","64","learned_100d","0.001","2048","<=4 (early stop)","adam","0.3","58.9s","NOT YET MEASURED","NOT YET MEASURED","NOT YET MEASURED","0.8393","NOT YET MEASURED","Controlled ablation over filter_sizes=(3, 4, 5), num_filters=150.","Winning config retrained with a larger epoch budget in section 5."
"cnn_filters234_nf100","10/2/2026","cnn","A_minimal","word_level_min_freq_2","64","learned_100d","0.001","2048","<=4 (early stop)","adam","0.3","37.5s","NOT YET MEASURED","NOT YET MEASURED","NOT YET MEASURED","0.7817","NOT YET MEASURED","Controlled ablation over filter_sizes=(2, 3, 4), num_filters=100.","Winning config retrained with a larger epoch budget in section 5."
"cnn_final_v1","10/2/2026","cnn","A_minimal","word_level_min_freq_2","64","learned_100d","0.001","2048","14","adam","0.3","109.4s","0.9992","0.9983","0.9737","0.9851","0.9992","Text CNN, config=cnn_filters345_nf100 chosen from the section-4 ablation.","Compare against TF-IDF baseline / LSTM / TCN / Transformer in notebook 07."
"tcn_levels5","10/2/2026","tcn","A_minimal","word_level_min_freq_2","64","learned_100d","0.001","2048","<=4 (early stop)","adam","0.3","60.1s","NOT YET MEASURED","NOT YET MEASURED","NOT YET MEASURED","0.3899","NOT YET MEASURED","Controlled ablation over levels=5 (receptive_field=125 tokens).","Winning config retrained with a larger epoch budget in section 5."
"tcn_levels3","10/2/2026","tcn","A_minimal","word_level_min_freq_2","64","learned_100d","0.001","2048","<=4 (early stop)","adam","0.3","79.9s","NOT YET MEASURED","NOT YET MEASURED","NOT YET MEASURED","0.3886","NOT YET MEASURED","Controlled ablation over levels=3 (receptive_field=29 tokens).","Winning config retrained with a larger epoch budget in section 5."
"tcn_levels4","10/2/2026","tcn","A_minimal","word_level_min_freq_2","64","learned_100d","0.001","2048","<=4 (early stop)","adam","0.3","43.3s","NOT YET MEASURED","NOT YET MEASURED","NOT YET MEASURED","0.386","NOT YET MEASURED","Controlled ablation over levels=4 (receptive_field=61 tokens).","Winning config retrained with a larger epoch budget in section 5."
"tcn_final_v1","10/2/2026","tcn","A_minimal","word_level_min_freq_2","64","learned_100d","0.001","2048","20","adam","0.3","316.8s","0.995","0.893","0.8739","0.883","0.9949","TCN, config=tcn_levels5 chosen from the section-4 ablation (receptive_field=125 tokens).","Compare against TF-IDF baseline / LSTM / CNN / Transformer in notebook 07."
"transformer_layers2_heads4","10/2/2026","transformer","A_minimal","word_level_min_freq_2","64","learned_100d","0.001","2048","<=4 (early stop)","adam","0.3","830.5s","NOT YET MEASURED","NOT YET MEASURED","NOT YET MEASURED","0.5256","NOT YET MEASURED","Controlled ablation over n_layers=2, n_heads=4.","Winning config retrained with a larger epoch budget in section 5."
"transformer_layers2_heads2","10/2/2026","transformer","A_minimal","word_level_min_freq_2","64","learned_100d","0.001","2048","<=4 (early stop)","adam","0.3","105.6s","NOT YET MEASURED","NOT YET MEASURED","NOT YET MEASURED","0.5205","NOT YET MEASURED","Controlled ablation over n_layers=2, n_heads=2.","Winning config retrained with a larger epoch budget in section 5."
"transformer_layers1_heads2","10/2/2026","transformer","A_minimal","word_level_min_freq_2","64","learned_100d","0.001","2048","<=4 (early stop)","adam","0.3","44.0s","NOT YET MEASURED","NOT YET MEASURED","NOT YET MEASURED","0.3937","NOT YET MEASURED","Controlled ablation over n_layers=1, n_heads=2.","Winning config retrained with a larger epoch budget in section 5."
"transformer_final_v1","10/3/2026","transformer","A_minimal","word_level_min_freq_2","64","learned_100d","0.001","2048","20","adam","0.3","12772.5s","0.9991","0.9785","0.995","0.9866","0.9991","Small from-scratch Transformer encoder, config=transformer_layers2_heads4 chosen from the section-4 ablation. Not a pretrained model (README permits either).","Compare against TF-IDF baseline / LSTM / CNN / TCN in notebook 07."
