Tweet_ID,true_label,predicted,tokens
ID_0K81TLHM,Harmful_Traditional_practice,economic_violence,50
ID_0WKZCY4T,sexual_violence,emotional_violence,17
ID_1NI45AOP,emotional_violence,sexual_violence,19
ID_2HMBY4V7,emotional_violence,sexual_violence,52
ID_2ZTT2CXS,Harmful_Traditional_practice,economic_violence,29
ID_4BBHSOL8,Harmful_Traditional_practice,economic_violence,49
ID_5AVZDNTL,Harmful_Traditional_practice,economic_violence,37
ID_8R4KIG50,economic_violence,Harmful_Traditional_practice,21
ID_AG2JBLO7,economic_violence,Harmful_Traditional_practice,22
ID_B01AMCX5,sexual_violence,Physical_violence,56
ID_COJ3MQQO,emotional_violence,sexual_violence,48
ID_CUBN3JDH,Harmful_Traditional_practice,economic_violence,30
ID_DYN2GHDA,Harmful_Traditional_practice,economic_violence,52
ID_GYAH9K5S,sexual_violence,Physical_violence,17
ID_H2VG3TAD,Harmful_Traditional_practice,sexual_violence,25
ID_I9H8A8LB,emotional_violence,sexual_violence,26
ID_IP0X5H6T,sexual_violence,Physical_violence,18
ID_JIDRNIGO,Harmful_Traditional_practice,economic_violence,49
ID_JJJIFSKW,emotional_violence,sexual_violence,39
ID_JZ48EW1D,emotional_violence,Harmful_Traditional_practice,46
ID_L4ZNW2A6,economic_violence,Harmful_Traditional_practice,18
ID_NUAXNUQP,Harmful_Traditional_practice,emotional_violence,44
ID_O4NK2NEU,emotional_violence,economic_violence,51
ID_OR0T4KN7,Harmful_Traditional_practice,economic_violence,48
ID_PSZD7PRR,Harmful_Traditional_practice,sexual_violence,17
ID_Q1MXW353,sexual_violence,Physical_violence,18
ID_QPZMSODG,economic_violence,sexual_violence,49
ID_R3A91PDT,economic_violence,Harmful_Traditional_practice,18
ID_RXDSGUUF,economic_violence,sexual_violence,28
ID_T0SI5ZZS,sexual_violence,emotional_violence,56
ID_TT9WI7PW,sexual_violence,Physical_violence,18
ID_TXZ1V99E,sexual_violence,Harmful_Traditional_practice,34
ID_U4SRDWSJ,economic_violence,Harmful_Traditional_practice,43
ID_USEYH1DC,sexual_violence,Harmful_Traditional_practice,30
ID_V13YAZ5O,Harmful_Traditional_practice,emotional_violence,49
ID_V7QP7MWC,Physical_violence,sexual_violence,53
ID_VXRB0Y6U,economic_violence,sexual_violence,56
ID_XM5VZKCS,Harmful_Traditional_practice,economic_violence,50
ID_Y7PVUNUU,economic_violence,sexual_violence,49
ID_YM7KEIKJ,economic_violence,Harmful_Traditional_practice,23
